Valentina,Vera,30170921,1982-05-22
Santiago,Álvarez,33936970,1986-04-25
Martina,Borges,21073376,1994-09-01
Joaquin,Valenzuela,23762139,1995-04-10
Juan Ignacio,Pereyra,25829297,1981-09-13
Sofia,Carranza,23391574,1998-07-06
Tomas,Jiménez,24071423,2003-07-23
Bautista,Schapira,38220144,2003-03-18
Mateo,Agüero,29380265,1981-09-07
Catalina,Giménez,37133890,1989-10-02
Benjamin,Martínez,28984059,1992-12-25
Agustin,Borges,38254370,1983-06-05
Santino,Marchi,24932324,1987-07-18
Juan Cruz,Pérez,28135861,2004-05-12
Camila,Varela,38654514,1987-09-05
Francisco,Díaz,31641829,2000-05-03
Ignacio,Mora,24435476,1983-04-17
Lautaro,Rotundo,33534237,1987-12-17
Juan Pablo,Quispe,28085160,1996-09-04
Valentino,Carranza,31053107,1988-01-09
Lucia,Vargas,34712774,1985-09-13
Delfina,Sala,39001048,1994-11-25
Agustina,Mejía,24148439,2000-01-12
Abril,Scanone,33186398,1982-01-10
Victoria,D'Elia,30453615,1991-12-20
Guadalupe,Huergo,38337195,1991-10-02
Nicolas,Abadía,28931612,1984-12-02
Valentín,Sorbera,22784675,1981-10-13
Julieta,D'Elia,34472143,1987-03-13
Morena,Rosso,20243933,1994-10-08
Candela,Arredondo,29712971,2003-02-23
Milagros,Vargas,35910892,1986-01-08
Facundo,Schapira,33715294,1994-07-27
Matias,Rivera,21455493,1982-04-23
Maria Victoria,Loreto,38899732,2004-07-28
Josefina,León,37095093,2000-03-09
Franco,Sosa,28790574,1980-01-03
Juan Manuel,Farías,38626137,1992-06-21
Felipe,Saldaña,23443400,2003-02-14
Juana,Nave,22708309,1996-12-22
Lucas,Díaz,38829303,1988-06-01
Maximo,Leiva,33949819,1998-03-22
Pilar,Farina,26833454,1993-12-10
Juan Bautista,Lorenzo,31540487,1980-10-28
Lautaro Ezequiel,Ibáñez,21601358,2004-08-23
Thiago,Pineda,23589286,1999-12-02
Malena,Santana,29557206,1982-08-06
Lola,Varela,29871753,1980-09-10
Mia,Rivas,37234143,1982-10-02
Santiago Nicolas,Pineda,29578408,1990-05-14
Matias Ezequiel,Zambrano,39051386,1992-06-21
Martin,D'Elia,31912447,1980-12-19
Ana Paula,Villalba,35197783,2003-11-13
Tomas Agustin,Álvarez,38357131,1999-03-17
Manuel,León,22478876,1990-04-09
Agostina,Benítez,25085870,1990-09-16
Ramiro,Salvador,32048924,2002-09-25
Constanza,D'Elia,28668509,1984-11-14
Maria Belen,D'Elia,36508278,1999-09-14
Luca,Ramírez,39763334,1994-12-05
Bruno,Abadía,38153582,1995-06-19
Micaela,León,22637722,2001-03-05
Lara,Lorca,32494709,1993-03-24
Federico,Rotman,38988885,1987-04-11
Lautaro Agustin,Casas,21628578,1992-11-24
Julian,Soto,31550048,1983-06-13
Lautaro Nicolas,Salazar,34901682,1987-07-06
Bianca,León,39073652,1988-03-12
Tobías,Giordano,21591870,1989-12-25
Renata,Arellano,33965379,1981-06-23
Pedro,Morales,26570742,1995-03-29
Gonzalo,Hidalgo,30140342,1998-07-30
Sofía Belén,Varela,38280660,1988-10-01
Lautaro Benjamin,Marchi,27494368,1981-06-06
Florencia,Sánchez,35774257,1984-06-17
Juan Gabriel,Portillo,24011817,1996-06-21
Rocio Belen,Sojero,30891924,1982-11-26
Lautaro Nahuel,Huarte,24017350,1984-07-07
Miguel Angel,Martínez,31024829,1988-10-08
Santiago Agustin,De León,37040270,1992-01-01
Sebastian,De León,35727129,2000-03-20
Emilia,Andrade,24904611,1989-04-14
Jazmin,Vargas,31543525,2001-11-16
Clara,Arellano,31384713,2000-05-04
Camila Belen,Hoffmann,37443944,1984-09-18
Jeremias,Hidalgo,32217020,1999-03-25
Mora,Saldaña,24999925,2000-05-16
Luciano,Pinedo,26416927,1990-03-26
Alejo,Villalba,22311274,1998-04-26
Julia,Santos,32730262,2002-04-15
Maria Valentina,Díaz,25571029,1992-12-28
Rocio,Silva,24876128,1985-03-20
Antonella,Contreras,33856665,1982-04-10
Simon,Sala,23338211,1981-03-24
Maria Sol,Sotomayor,35194469,1989-12-17
Lucas Ezequiel,Rojas,28907759,1991-10-27
Maria De Los Angeles,Vasile,31385736,1985-05-20
Guillermina,Lorenzo,34837004,2003-12-23
Valentina Abril,Arellano,36810023,1993-05-23
Matias Nicolas,Carranza,27816459,1995-09-28
Paloma,Díaz,22512646,1989-01-01
Maria Emilia,Rotman,23158822,1998-10-25
Juan Martin,Quispe,22678143,1992-08-11
Ezequiel,Sánchez,39354175,1980-05-13
Facundo Nicolas,Schapira,31398589,2001-01-07
Paulina,Fava,30548667,1986-02-03
Maria Jose,Rosso,20311043,1990-01-01
Juan David,Santana,21119635,2002-07-21
Lautaro Gabriel,Abadía,26153198,1991-10-11
Juan Jose,Silva,39814198,1998-12-21
Tiziano,Duarte,27104610,1988-01-28
Lorenzo,Zurich,25493127,2002-06-14
Santiago Ezequiel,Goicochea,28032206,2003-08-09
Maria Luz,Marchi,35888294,1993-05-01
Lourdes,Santana,33019550,1983-12-30
Agustin Ezequiel,Pedone,37211212,1999-02-04
Angelina,Demichelis,39672175,2000-05-25
Ludmila,Mamani,35418073,2003-07-02
Maria Paz,Muñoz,39062785,1998-01-15
Priscila,Rodríguez,30544798,1985-01-10
Milagros Belén,Lorca,32771139,1994-09-29
Marcos,Salamone,27290185,1980-12-17
Nahuel,Gonzales,22662071,1996-06-09
Milena,Casares,26836134,2003-09-25
Luciana,Contreras,33949008,1980-10-15
Agustina Belen,Loreto,23046020,1987-01-04
Tomas Ezequiel,Ibáñez,31447028,1987-10-21
Nicolas Agustin,Leiva,31852697,1993-07-08
Giuliana,Scioti,33701379,1984-07-19
Santiago Gabriel,González,23056242,1993-03-22
Juliana,Loreto,26278931,1990-03-30
Ivan,Mancuso,21448574,1999-11-15
Maximiliano,Vargas,20814947,1992-05-14
Maria Guadalupe,Zambrano,30213351,1997-03-20
Isabella,Nave,22166217,2001-09-25
Santiago Tomas,Pérez,31800073,1992-04-09
Angel Gabriel,Carranza,33670591,1992-09-01
Jose Luis,Muñoz,32520847,1997-07-26
Santiago Nahuel,Rebollo,20376756,1990-08-25
Gabriel Alejandro,Abadía,25955133,1989-11-21
Tiago,Scanone,35074427,1998-12-30
Joaquín Ignacio,Varela,20908122,1996-01-10
Carolina,Mamani,23138324,1994-05-21
Candelaria,Borges,38012949,1987-09-14
Octavio,Nave,37045114,2002-08-06
Jose Ignacio,Sosa,31999798,1994-07-09
Sol,León,29582933,1988-08-20
Juan,Nessi,37381904,1988-10-29
Lucia Belen,Pereira,39385998,1981-08-05
Dante,Farina,22178987,1983-11-21
Franco Ezequiel,Portillo,38724882,1981-01-05
Lucas Gabriel,Carrizo,26482086,1996-12-18
Lautaro Joaquin,Rosso,21397163,2003-12-24
Juan Francisco,Gonzales,23760103,1997-02-01
Geronimo,Benítez,23961499,2001-05-31
Emiliano,Casares,23421013,1984-01-17
Emma,Ramírez,38572703,1999-04-26
Gabriel,Hernández,22259191,1993-11-12
Maria Agustina,Fava,34221941,1984-06-04
Agustin Nicolas,Rojas,21583313,2000-04-24
Olivia,Gutiérrez,29279533,1992-12-06
Rodrigo Alejandro,Leiva,20167113,1989-04-09
Nicolas Ezequiel,Carrizo,36862166,2004-08-16
Maria Eugenia,Pinedo,34424876,2001-09-15
Joaquin Ezequiel,Surace,28351980,1989-06-03
Lautaro Daniel,Hernández,20061711,1999-05-06
Juan Carlos,De Luca,36550713,1985-07-13
Maia,Leiva,35222331,1984-10-13
Milagros Valentina,Contreras,39344733,2002-05-31
Milagros Abril,Huarte,20044706,1991-05-16
Franco Agustin,Saldaña,39546129,1986-10-18
Brisa,Rómulo,27826242,2000-09-22
Leonel,Rotman,38253745,1997-03-19
Zoe,Pineda,35575556,1989-06-25
Augusto,Rebollo,35352768,1997-01-29
Lisandro,Fazzi,36263003,1998-02-18
Abigail,Basile,31712332,1996-08-20
Lucio,Morales,28924833,1984-12-21
Alma,Maradona,30283444,2000-10-01
Amparo,Rotundo,35119655,1993-12-01
Facundo Ezequiel,Surace,36244321,1985-06-07
Salvador,Rotundo,24448494,1985-06-30
Rodrigo,Lorca,26878867,1991-01-17
Thiago Agustin,Reyes,33297370,1999-06-23
Matias Nahuel,Moreno,34760683,1999-05-05
Franco Nicolas,Pedone,39802616,1987-01-26
Gonzalo Ezequiel,Muñoz,37536057,1995-10-04
Ignacio Agustin,Silva,24322535,1988-02-14
Lautaro Leonel,Leal,20829604,1996-01-13
Magali,Agüero,31556623,1995-04-02
Matias Agustin,Álvarez,37841777,1988-03-22
Santiago Benjamín,Rojas,33481746,2002-11-28
Milagros Ayelen,Martínez,33611278,1991-01-19
Milagros Abigail,Contreras,21568115,1984-07-29
Tiziana,Raimundo,38032768,1990-08-28
Maitena,Reyes,26640931,2002-01-25
Santiago Ariel,Basile,34469116,1995-04-27
Tatiana,García,34813349,1989-07-19
Valentina Abigail,Benítez,39583569,1984-06-15
Maria Milagros,Álvarez,37364180,2004-08-07
Tomas Benjamin,Nari,31516671,1992-02-10
Santiago Martin,Rebollo,35213003,1994-06-11
Rodrigo Ezequiel,Vera,24979996,1987-01-10
Melina,Díaz,22019326,1986-06-09
Paula,Santana,20605589,1986-07-01
Violeta,Leal,37433686,1980-12-17
Franco Nahuel,Benítez,22091419,1996-06-17
Luisina,Rojas,39618929,1997-11-01
Maria Pia,Marchi,21982268,1985-10-09
Ana,Reyes,23781606,1980-10-21
Lucas Agustin,Benítez,27709885,1992-03-11
Maria Lujan,Rivas,28181712,1984-09-14
Milagros Agustina,León,31116591,1998-05-05
Mateo Nicolas,Álvarez,39686379,1996-12-02
Matias Gabriel,Gómez,35680324,1990-05-30
Jeronimo,Pedone,32488001,1987-09-08
Facundo Nahuel,Basile,30445422,1983-02-25
Facundo Gabriel,Maradona,27240158,1998-09-23
María Florencia,Vargas,26679194,1994-10-02
Mariano,Rotman,32992075,1991-05-04
Luna,De Luca,26713541,1984-10-21
Trinidad,Silva,36507716,1994-03-10
Milagros Aylen,Nari,24952921,1986-05-19
Matias Alejandro,Huergo,34600146,1993-07-24
Santiago Daniel,León,22696229,1994-05-14
Ludmila Abigail,Saldaña,35348361,1984-10-09
Kiara,Carranza,20631220,1984-11-28
Alejandro,Silva,22349725,1983-12-18
Thiago Nicolas,Rivas,34443085,1985-04-06
Emanuel,Sberna,29902423,1987-06-06
Santiago Leonel,Vera,21577872,2003-05-25
Axel Gabriel,Rivera,20199380,1981-01-24
Benicio,Santos,20006075,1996-03-23
Francesca,Mejía,26419827,1988-07-22
Sofía Valentina,Demichelis,32383753,1987-01-13
Juan Sebastian,Álvarez,25825167,1987-03-29
Ignacio Nicolas,Pereyra,20143273,1984-05-13
Lautaro Tomas,Marchi,39122074,1995-11-14
Lucas Nahuel,Rodríguez,22644751,1995-12-12
Lucila,Fernández,28068290,1990-02-15
Maria Celeste,Sosa,36948299,2000-05-07
Valentina Belén,Quispe,39430513,2000-04-11
Priscila Abigail,Pineda,33478640,1996-08-28
Lautaro Valentin,Carranza,24407580,1990-04-29
Ciro,Casares,39409499,1997-07-27
Lautaro Emanuel,Díaz,27621051,1991-02-16
Thiago Benjamin,Santana,22906966,1990-04-06
Luis Fernando,Sala,39578129,1981-10-30
Maria,Scanone,21146656,1988-03-07
Alvaro,Ramírez,25207944,1991-05-31
Candela Abigail,Salamone,37042883,1989-05-27
Joaquin Alejandro,Villalba,23923820,1994-11-14
Genaro,Rivas,31046881,1996-03-31
Magdalena,Vasile,27353322,1982-10-19
Agustin Alejandro,De León,36184894,1994-06-28
Santiago Valentin,Villalba,32025162,1986-12-07
Santiago Emanuel,Totora,38291957,1989-11-26
Santiago Joaquin,Fazzi,39092873,1984-05-03
Martin Alejandro,Nessi,25505546,2003-05-28
Thiago Nahuel,Mamani,23967653,1996-04-04
Mateo Benjamin,Pineda,33518919,1994-03-10
Franco Gabriel,Rotman,39322919,2002-07-20
Facundo Agustin,Sosa,24359769,2002-09-07
Lautaro Sebastian,Vera,30221615,1990-03-08
Milagros Soledad,Castillo,27840657,2003-08-07
Ana Laura,León,35057185,1999-12-09
Lautaro Martin,Arredondo,28800005,2001-09-28
Celeste Abigail,Basile,25228258,2003-08-10
Nicole,Rotman,35463198,1986-10-12
Abril Agustina,Abadía,24570665,1994-04-29
Nicolas Alejandro,Salamone,23826529,1999-04-22
Lucas Daniel,Farina,26454496,1993-06-20
Micaela Belen,Flores,32683983,1989-07-07
Chiara,Marini,23228276,1984-10-30
Victoria Abril,Silva,26728757,2002-07-24
Manuela,Ramírez,20948709,1987-09-25
Ulises,Espinoza,33146392,1993-07-05
Franco David,Casares,37409015,1998-05-27
Santiago David,Mejía,37023236,1987-06-17
Tomás Valentin,Fornerón,39587898,1993-11-12
Gonzalo Nicolás,Hoffmann,28408733,1981-08-30
Uriel,Soto,38075730,1986-02-26
Joaquin Nicolas,Marchi,33953017,1987-10-01
Thiago Valentin,Varela,32025991,1998-10-18
Román,Amenedo,36951164,2001-04-05
Luciano Gabriel,Casares,30436769,1991-07-20
Camila Aylen,Loreto,25609013,1983-10-25
Mia Valentina,Farina,32946604,1987-03-24
Thiago Ezequiel,Mancuso,31105465,1990-07-14
Fiorella,Zambrano,36364545,1987-10-20
Celeste,Sala,20603002,1997-11-18
Avril,Sberna,23467048,1999-04-23
Luciano Nicolas,Amenedo,29008036,1994-08-19
Valentina Aylen,Valenzuela,35544985,2003-01-06
Martina Belen,Rivera,20794363,1987-09-15
Tomás Alejandro,Gutiérrez,30075117,2004-07-13
Martin Ezequiel,Jiménez,33904236,1998-10-18
Luciano Agustin,Farías,21808246,1986-11-27
David,Raimundo,26336993,1982-10-04
Mateo Agustin,Zurich,26509939,1992-05-04
Candela Belen,Scanone,36447001,1985-12-20
Franco Leonel,Sotomayor,29164386,1986-12-13
Kevin,Duarte,33254271,1985-05-31
Ludmila Ayelen,Hernández,39279949,1983-01-03
Abril Valentina,Zambrano,39047445,1991-07-19
Felicitas,Hoffmann,28796112,1994-08-02
Camila Ayelen,Farina,26995030,1981-03-16
Marcos Gabriel,De Luca,32088778,1996-08-21
Nahuel Agustin,Goicochea,31287335,1991-06-06
Julieta Valentina,Pereira,21545423,1994-05-10
Candela Agustina,Pavón,22996652,2002-01-26
Kevin Ezequiel,Loreto,31249781,1980-05-02
Luciano Ezequiel,Pérez,31673119,2002-02-24
Andres,Lorenzo,33371045,2000-07-04
Leonel Agustin,Gonzales,38076866,1993-11-28
Ian,Contreras,28703612,2002-01-22
Braian Ezequiel,Andrade,33834041,1996-12-17
Valentina Milagros,Saldaña,33741019,2000-10-30
Rocio Milagros,Salvador,26153942,1998-05-09
Axel Uriel,Santana,22741473,1983-05-16
Milagros Ailén,Valenzuela,29920728,1994-11-03
Fausto,Casas,37834196,1986-01-20
Tadeo,Benítez,36337531,1994-03-30
Daniel Alejandro,Nari,32983510,1983-06-16
Axel Nahuel,Pineda,32033503,2002-09-10
Camila Agustina,Nessi,38439721,1994-05-18
Luz Milagros,Raimundo,21729616,2001-08-10
Luana,Rotman,27341625,1985-07-25
Matias Leonel,Agüero,22879637,1981-05-21
Ornella,Santana,20931857,2000-10-02
Enzo,Rivera,20296095,1993-11-28
Brian Ezequiel,Sberna,29789160,1985-01-08
Ludmila Belen,Pavón,38170092,1984-04-27
Belen,Marino,22441368,1993-07-23
Gaspar,Pereira,27337365,2004-05-29
Lionel,Basile,38331621,2000-05-24
Uma,Arredondo,32774688,1999-11-24
Nicolas Gabriel,Borges,23222086,1987-03-27
Oriana,Fernández,23395519,1994-09-03
Ignacio Gabriel,Martínez,30320394,1999-02-12
Justina,Zambrano,26767161,1999-03-07
Sofia Magali,Delgado,36850127,1986-03-05
Lucas Martin,Saldaña,22946191,1995-05-06
Alexander,Hoffmann,30641569,1988-08-07
Ignacio Joaquin,Castillo,34120352,2001-08-16
Leandro,De León,37079610,2000-07-07
Sofia Micaela,Galán,25526482,1986-09-20
Luz Maria,D'Elia,30576131,1983-12-23
Matias Benjamin,Schapira,39255963,1989-06-07
Rosario,Scioti,38477749,1998-12-29
Axel Leonel,Scanone,33657582,2004-07-23
Candela Abril,Huarte,20921314,2003-03-17
Gonzalo Agustin,Galán,31955828,2003-01-17
Rodrigo Nicolás,Santos,24262353,2000-03-14
Thomas,Portillo,32717870,2002-05-24
Ana Clara,Surace,39143005,1985-07-09
Fabricio,Salvador,28021547,1981-08-29
Brisa Abigail,Soto,21380037,1981-06-28
Axel,Demichelis,38442757,2000-03-07
Maria Del Pilar,Mancuso,21515182,1990-10-26
Gianluca,Salamone,35052285,1998-07-02
Fermín,Pineda,37813741,1985-07-05
Iara,Borges,20283697,1990-10-10
Tomas Gabriel,Nari,32227568,1986-11-21
Julieta Belen,Castillo,37799464,1986-04-01
Lautaro David,Rivera,20527561,1983-12-18
Axel Fernando,Nari,21401104,1987-08-21
Sofia Victoria,Gonzales,24926938,1992-12-31
Ambar,Rojas,33094656,1981-08-12
Pablo Ezequiel,Rivera,37168579,1989-11-06
Juan Andres,Borges,32467006,1984-07-13
Ana Belen,Vasile,35164231,1987-08-11
Sofia Aylen,Arredondo,37891927,2000-02-11
Alan Gabriel,Vasile,29372183,1990-07-12
Lucas Leonel,Vera,26643790,1981-04-09
Maximiliano Ezequiel,Benítez,25012400,1997-12-24
Camila Abigail,Casas,31127558,1991-02-21
Candela Valentina,Vasile,24193970,1992-10-19
Nahuel Alejandro,Sberna,35593667,1983-09-21
Gabriel Agustín,Sotomayor,22364544,2003-09-23
Benjamín Ezequiel,Villalba,29592767,1984-06-10
Matias Daniel,Scanone,30184906,1982-12-26
Lucas Ariel,Giordano,31209278,2002-01-05
Tomas Ignacio,Saldaña,34884253,1989-08-31
Alan Ezequiel,García,39174594,1987-11-10
Sara,Hoffmann,33203217,1992-02-16
Camilo,Nave,35016534,1990-08-17
Agustina Micaela,Fornerón,31735924,1989-09-19
Facundo Daniel,Loreto,25330294,1993-05-24
Lourdes Valentina,Sala,34400834,1997-09-29
Gaston,Lorenzo,23627887,2004-02-16
Francisco Javier,Hernández,34639180,1993-06-11
Candela Milagros,Sala,30993775,1989-01-15
Sofia Milagros,Mariani,37966178,1992-03-29
Maria Candela,Rosso,27655755,1994-06-12
Lucas Emanuel,Salamone,32289465,2003-05-31
Fernando Jose,Marín,35377583,1995-01-04
Daniel,Villalba,28022038,1983-09-23
Nazareno,Mariani,21717866,1999-06-20
Florencia Belen,Muñoz,38591982,2000-07-11
Mateo Ezequiel,Santos,21957772,1988-05-08
Luciana Belen,Nave,37221023,1981-10-18
Benjamin Alejandro,Scanone,24980576,1980-04-19
Matias Ariel,López,32116824,1993-12-19
Brisa Aylen,Mariani,23411876,1988-02-19
Santiago Alejandro,Andrade,21397572,1980-06-25
Virginia,Marini,32454577,1990-09-13
Facundo Ariel,Pinedo,21542870,1992-04-02
Martina Abril,Marín,28914621,1993-11-27
Tobias Ezequiel,Rebollo,26774491,1980-12-20
Macarena,Galán,25170360,2003-11-06
Ariana,Marchi,29347295,1980-01-28
Thiago Gabriel,Soto,29464055,2002-10-13
Lautaro Alejandro,Rojas,30467517,1981-07-06
Lautaro Uriel,Fornerón,24822039,1989-09-12
Ines,Salem,35639644,1992-02-23
Ariel,Fernández,31031363,1990-05-19
Maria Josefina,Amenedo,28069147,1991-10-10
Patricio,Gutiérrez,37106526,2000-04-15
Gonzalo Gabriel,Amenedo,20917322,1999-01-17
Lucas Nicolas,Mejía,36033180,1989-06-30
Maria Fernanda,Marchi,36040103,1986-09-03
Rafael,Ibáñez,32618591,2002-03-25
Rodrigo Nahuel,Martínez,25713001,1992-06-06
Luisana,Agüero,24962020,1991-01-31
Leonel Alejandro,León,34734012,1998-05-31
Rocio Abigail,Rodríguez,32185532,1983-01-29
Gino,Gómez,20097434,2000-04-07
Joaquina,Hoffmann,39230611,1982-09-11
Marco,Mariani,36216208,1981-10-23
Lautaro Javier,Portillo,31637463,1984-12-13
Celina,Casas,28552887,1984-02-24
Ludmila Aylen,Giménez,20871950,1994-09-04
Alexis Ezequiel,Raimundo,30377947,1983-10-11
Thiago Joaquin,Marín,30325076,1989-11-17
Alexis Gabriel,Rotundo,29108762,1985-05-20
Federico Agustin,Marchi,37209971,1991-01-28
Lara Valentina,Díaz,34319232,1993-04-16
Florencia Agustina,Saldaña,20703522,2001-06-29
Maria Pilar,Gonzales,28133801,1986-04-05
Santiago Andres,González,23059447,2000-11-08
Camila Milagros,Flores,37353876,1980-05-13
Franco Daniel,Fava,33942912,1982-03-07
Marcos Agustin,Huarte,35300844,1983-04-25
Ana Lucia,Raimundo,27569273,2003-11-17
Thiago Uriel,Díaz,31513935,1982-12-17
Santiago Javier,Basile,29267242,2000-09-27
Marco Antonio,Varela,32389521,1991-07-25
Ana Luz,López,39260530,1981-09-10
Rodrigo Sebastian,Martínez,20201571,1994-08-06
Maria Paula,Huergo,26611779,1998-11-29
Rocio Micaela,Arellano,23710582,1993-01-10
Camila Abril,Sojero,34278174,1997-02-15
Milagros Guadalupe,Pavón,24643512,1992-02-04
Valentina Magali,Maradona,34140296,1984-06-15
Kevin Nahuel,Zurich,22287711,1999-03-11
Francisco Nicolas,Sotomayor,32624492,1982-04-02
Micaela Ayelen,Rotman,34912619,1997-04-05
Maria Del Rosario,Varela,26734979,1999-05-21
Martin Nicolas,Marino,28042859,1991-02-11
Federica,Marini,22920003,1982-10-23
Facundo Tomas,Borges,34404434,2002-09-26
Santiago Uriel,Carranza,37954842,1985-10-29
Carlos Daniel,Fazzi,35814387,1990-10-05
Lucas Sebastian,Lorca,29847327,2003-09-20
Axel Ezequiel,Rotman,25956230,2003-05-25
Mateo Joaquín,Sotomayor,34875158,1994-03-09
Leandro Ezequiel,Ibáñez,32544268,1995-11-24
Ludmila Milagros,D'Elia,29347996,1985-03-18
Lautaro Ariel,Giordano,29137412,1994-07-08
Diego,Rebollo,29757230,2003-03-04
Julio Cesar,Fernández,36370223,1992-08-11
Vicente,Rotundo,36334777,1991-12-21
Francisca,Moreno,35909729,1982-09-04
Mariana,Hidalgo,22596643,1983-09-19
Luis Alberto,Hernández,28749939,1983-10-29
Rocio Ayelen,Andrade,36706653,1989-12-31
Fernando,Scioti,29105326,1989-04-26
Ema,Pérez,22075908,1993-02-23
Alexis Nahuel,Vasile,24191307,1993-01-16
Ignacio Ezequiel,Gonzales,28348221,1980-02-12
Milagros Lujan,Sberna,22927590,2003-06-07
Kevin Agustin,Pérez,33403701,1982-05-19
Facundo Leonel,Pavón,30802425,1993-05-30
Abril Agostina,Hidalgo,39137999,1982-03-21
Maite,Espinoza,23454124,1999-07-21
Sebastian Alejandro,Soto,33061396,1991-01-31
Dylan Ezequiel,Pineda,27581078,1981-04-11
Maria Constanza,Huarte,32922089,1993-09-27
Maximiliano Gabriel,Vargas,23166765,1995-03-10
Daniela,Gómez,36448274,1984-09-08
Lucas Benjamin,Saldaña,29155659,2001-01-14
Lautaro Jesús,Leiva,25509437,1994-08-23
Lucas Joaquin,Demichelis,27407033,1981-02-06
Thiago Leonel,Pérez,25536672,1986-01-26
Axel Daniel,Abadía,39999774,1992-08-10
Azul,Salazar,21764748,1995-10-07
Sofia Abril,González,24533520,2003-02-25
Milagros Micaela,Rebollo,28649773,2002-07-30
Milagros Magalí,Rodríguez,27589314,1984-11-17
Maria Lucia,Leiva,21042131,1981-06-05
Marcos Ezequiel,Santos,26471635,1981-10-23
Lucas David,Pereira,26551751,1999-11-06
Axel Agustín,Schapira,29058998,2001-10-20
Gonzalo Nahuel,Santos,35717020,1986-07-24
Thomas Agustin,Maradona,31773554,1989-12-11
Franco Tomas,Sánchez,39574301,1995-01-31
Florencia Abigail,Sberna,38815544,1988-05-18
Maximo Agustin,Loreto,25197605,1986-10-21
Camila Soledad,Vera,34196129,1980-06-06
Luciano Benjamin,Borges,29182517,1997-04-27
Bautista Nicolas,Sorbera,21114523,1984-08-13
Fabrizio,Raimundo,39666673,2003-03-09
Alfonsina,Morales,33620334,1997-10-30
Lautaro Exequiel,Sberna,31891394,1996-08-08
Leonardo,García,31771077,2004-07-13
Mateo Valentin,Nari,32311161,1999-05-12
Juan Agustin,Villalba,24769457,1987-12-15
Brisa Ayelen,Sotomayor,23148826,1984-04-02
Laureano,Pedone,35935771,1985-06-10
Lautaro Damian,Carrizo,24687096,1982-03-23
Leandro Nicolas,Mejía,32119731,1980-03-16
Matias Sebastian,Pineda,31370040,1983-10-21
Francisco Agustin,Duarte,31949588,1995-04-25
Carola,Rómulo,22991126,1983-02-04
Elias,Salvador,33369675,1996-07-11
Rocio Guadalupe,Salem,28434160,2004-03-16
Ignacio Benjamin,Fava,26849323,1998-12-02
Maria Laura,Santos,33356636,1984-01-01
Facundo Emanuel,Carrizo,28894885,1982-02-26
Facundo Martin,Vasile,35062478,1994-01-30
Pablo Agustín,Benítez,35803048,1987-09-29
Agustina Milagros,Arellano,30204987,1998-03-28
Valentina Jazmin,Carrizo,35214015,2003-11-29
Sofia Ailen,Sberna,36646678,1980-02-25
Florencia Magali,Loreto,28555491,1984-11-03
Valentina Guadalupe,Santana,28062082,1990-09-03
Kevin Nicolas,Huarte,23971404,1980-04-12
Ana Sofia,Nari,36357939,1983-02-23
Aylen,Reyes,24798806,1982-05-30
Thiago Lionel,Mancuso,39965594,2003-08-28
Franco Emanuel,Pereira,32991040,1986-10-24
Eugenia,De León,32063738,1994-08-05
Rocio Magali,Castillo,27014791,1994-05-06
Valentina Luján,Jiménez,22782471,1989-03-06
Federico Nicolas,Marín,33026785,1983-02-25
Morena Abril,Leiva,24727964,1991-06-13
Candela Magali,Varela,20720020,1988-02-12
Aldana,Vasile,23448800,1991-12-02
Elias Ezequiel,Sojero,33081680,1996-06-09
Tobias Benjamin,Godoy,32257084,1997-03-11
Leandro Agustin,Rebollo,32320674,2000-08-19
Tomas Nahuel,Sosa,21485238,1999-07-05
Esteban,De Luca,21146874,1998-04-30
Tobias Agustin,Rotman,28302337,1990-12-27
Matías Emanuel,Castillo,23662369,1989-03-27
Lucas Santiago,Galán,29061856,1981-05-28
Sofia Guadalupe,López,34221034,1985-05-30
Ernestina,Gonzales,34343634,1987-11-16
Iñaki,Zambrano,27940771,1982-07-05
Julieta Abril,Lorca,24273869,1997-10-29
Valentina Ayelen,Lorca,21842777,1990-10-12
Santino Nicolás,Saldaña,36957925,1994-02-23
Cristian Gabriel,Galán,24867350,1986-04-18
Tatiana Abigail,Marini,38034322,1982-08-17
Giuliano,García,30216441,1998-01-17
Jose Manuel,Díaz,27130584,1983-01-17
Santiago Ivan,Santos,22670348,1997-08-17
Rodrigo Agustín,Rodríguez,24949783,1986-02-22
Milagros Agostina,Salazar,39684052,1993-06-29
Ezequiel Alejandro,Maradona,34821626,1987-03-18
Jeremias Ezequiel,Pereira,25553781,1985-03-12
Maria Agostina,Rómulo,23822278,1981-03-08
Nahiara,Quispe,25260631,1992-07-07
Valentina Soledad,Huarte,27572515,1999-10-16
Alan,Huergo,37255337,1991-03-28
Candela Agostina,Rosso,38663040,1996-06-18
Abril Milagros,Galán,22720495,1989-10-16
Mercedes,Amenedo,26100931,1985-02-15
Axel Nicolás,López,26479883,1990-12-10
Santiago Jose,Castillo,36036244,1989-06-19
Juan Pedro,D'Elia,30236196,1990-08-03
Agustin Gabriel,Marini,28460067,1987-09-26
Rocio Aylen,Martínez,23325398,1996-10-24
Carmela,Quispe,21543861,1989-01-05
Joaquin Andres,Leiva,29625707,1991-08-11
David Ezequiel,Sotomayor,30064352,1984-02-08
Sofia Abigail,Ramírez,31622240,1999-03-03
Joaquin Gabriel,García,25989643,2000-08-26
Ludmila Magali,Pereyra,39552142,1982-01-19
Francisco Jose,Santos,37850361,1991-12-18
Nazarena,Huergo,26605480,2000-11-12
José Antonio,Rebollo,39151416,1989-06-15
Luis Miguel,Zambrano,31164685,2002-11-07
Ivan Ezequiel,Pinedo,24104560,1985-01-23
Agustina Soledad,Lorca,22131676,1981-08-01
Baltazar,Gonzales,29818936,1998-10-07
Jonathan Ezequiel,Salazar,30838374,1989-01-11
Teo,Flores,38246454,1985-02-28
Sebastian Ezequiel,Mamani,22054412,1985-05-04
Tatiana Belen,Salem,35459058,1981-06-13
Lautaro Lionel,Nari,24680541,1992-04-28
Angel David,Sánchez,28025687,1996-06-30
Ignacio Martin,Santos,39910570,2000-09-27
Luis Alejandro,Benítez,20165284,1993-09-12
Priscila Ayelen,Mamani,34732168,1993-05-21
Maria Candelaria,Surace,21610833,1982-08-07
Rocio Valentina,Varela,38176804,1995-06-30
Ramiro Agustin,Leal,37021399,1986-06-07
Alexis,Benítez,23662118,1983-06-27
Jose Maria,Borges,22256075,1996-01-10
Carlos Gabriel,Lorca,27605171,1981-11-21
Thiago Martin,Casas,34287269,2002-01-24
Bruno Nicolas,Pinedo,24877573,1999-02-13
Luciana Valentina,Huergo,30985880,1987-09-29
Sofia Antonella,D'Elia,23684215,2003-02-02
Priscila Belen,De Luca,29240640,1980-11-23
Uriel Alejandro,Benítez,34196767,1986-11-06
David Alejandro,Muñoz,33782141,1997-03-23
Iara Valentina,Carranza,36942061,1987-09-23
Priscila Aylen,Vasile,26170160,1983-04-28
Franco Sebastian,Rómulo,28398244,1984-06-21
Agustina Aylen,D'Elia,23288814,2004-03-11
Camila Ailen,Marín,34242671,1999-05-15
Agustina Abigail,López,27995115,1982-10-14
Dylan Gabriel,Hoffmann,32241452,1989-07-18
Alejo Nicolas,Carranza,27778070,1980-06-06
Micaela Agustina,Salvador,28832466,1992-07-18
Leandro Gabriel,Gutiérrez,24004641,1995-08-01
Dolores,Portillo,21684620,1981-04-09
Kevin Daniel,Nessi,31093057,2004-03-06
Maria Lourdes,Flores,36964100,1997-09-01
Elias Gabriel,Díaz,36267030,1983-12-04
Francesco,Farina,33772208,2004-02-19
Rocco,Fava,35487755,1995-10-22
Dylan Uriel,Basile,28677690,1980-01-13
Brisa Milagros,Galán,29119895,1992-09-15
Bianca Valentina,Mancuso,28171546,1994-12-26
Marcos Antonio,Fazzi,35314610,1981-01-12
Tomas Joaquin,Flores,29581113,1996-12-25
Gonzalo Sebastian,Raimundo,27269505,1984-08-13
Tomàs Ariel,Pereyra,39127696,1987-02-19
Axel David,Casas,24623460,1995-12-26
Agostina Belén,Pedone,20508272,1991-08-19
María Magdalena,Rivera,37161695,1996-03-09
Lourdes Abril,Lorenzo,31016660,1995-12-06
Juanita,Casas,34581974,1994-11-06
Agustina Ayelen,Giménez,34393673,1994-03-01
Geraldine,Varela,26805490,1993-08-28
Irina,Salazar,29032703,1990-09-14
Ramiro Nicolas,Mancuso,39981027,1980-07-26
Mateo Gabriel,Rebollo,28628458,1991-10-31
Milagros Anahi,Farina,32264586,1985-09-30
Iara Abigail,Quispe,25051830,1986-12-02
Candela Jazmin,González,34806821,1994-01-20
Bruno Ezequiel,Mejía,38352932,1998-10-10
Brisa Magalí,Álvarez,27227942,2001-10-06
Francisco Tomas,Goicochea,22624186,1987-10-16
Tomas Emanuel,Sotomayor,24128830,1998-12-02
Joaquin Uriel,Sánchez,32420717,1998-05-01
Maria Delfina,Pereira,28329278,1986-10-14
Barbara,Leal,24553759,2000-08-18
Santiago Ismael,López,32699832,1985-08-30
Tobias Uriel,Varela,28167451,2003-10-25
Ludmila Abril,Marini,27833998,1998-05-28
Leandro Nahuel,Schapira,33993391,1989-08-14
Cristian,Fornerón,26563379,1999-03-31
Julieta Magali,Pinedo,34235310,1987-03-20
Fátima,Arredondo,31067978,1989-09-27
Facundo Sebastian,Marini,23077413,1986-03-27
Gianfranco,Mancuso,23797674,2003-01-18
Fernando Gabriel,Gonzales,30233207,1980-11-23
Thiago Tomas,Schapira,23277628,2004-02-16
Alejandro Gabriel,Casares,35076425,1984-07-17
Sofia Agustina,Martínez,29168550,1996-05-02
Agustina Abril,Schapira,31846986,1999-03-16
Lucia Milagros,Rivera,21322960,1993-03-03
Maia Valentina,Delgado,39706254,1983-11-02
Araceli,Huarte,37167851,1995-01-13
Agustina Magali,Godoy,28794743,1992-08-13
Morena Abigail,Mariani,27964031,1997-02-19
Gonzalo Daniel,Vasile,24219575,1981-12-27
Faustino,Portillo,34114360,1982-05-08
Valentina Micaela,Leal,23760691,1984-06-19
Ignacio Valentin,Espinoza,37086101,2002-05-09
Maria De Los Milagros,Maradona,26718992,2000-04-29
Brian Nahuel,Hidalgo,24420107,1983-07-22
Lautaro Andrés,Abadía,22860644,1998-03-01
Dylan Agustin,Salazar,20686083,1987-09-05
Fernando Ezequiel,Pereira,32509710,1982-05-18
Lucas Alejandro,Galán,35577469,1999-03-10
Milagros Antonella,Giordano,31284803,2002-12-15
Alan Nahuel,Nessi,23777429,1989-09-10
Tobias Nahuel,Schapira,28980844,1983-06-02
Joel,Farías,37013509,1998-06-03
Lucca,Fornerón,34340385,1984-11-21
Martin Ignacio,Vera,33658782,1993-05-01
Matias Joaquin,Gómez,35499221,1980-01-12
Nahuel Ezequiel,Castro,37279088,2001-02-24
Milagros Rocío,Demichelis,26136642,2002-05-09
Alejandro Ezequiel,Sosa,24815594,1993-06-27
Valentina Ailén,Scanone,33439279,2002-11-04
Alejandro Daniel,Casas,39452257,1980-07-15
Zoe Valentina,Nessi,23095673,1997-07-22
Maximo Alejandro,Farías,39828453,1983-07-05
Pablo,Borges,24425623,1992-03-19
Luciano Joaquin,Pinedo,24453301,1985-12-12
Ludmila Ailen,Vasile,24770855,2000-08-01
Brisa Valentina,Farina,25025340,2001-02-03
Enzo Gabriel,Gómez,33431075,1998-10-14
Estefania,Castillo,20915468,1997-04-26
Maria Sofia,Marín,37716727,1990-09-17
Kiara Abigail,Raimundo,34182997,2000-11-22
Thiago Sebastian,Valenzuela,25733215,1990-01-14
Ivo,Rotman,21122166,1995-10-04
Brenda,Castillo,32601167,1980-05-15
Florencia Valentina,Casas,26726482,1993-11-03
Pablo Nicolas,Sojero,30226320,1981-03-01
Juan Antonio,García,37458277,2000-03-01
Brian Nicolas,Pinedo,22913195,1997-10-09
Leon,Salamone,22930754,1990-12-18
Gonzalo Martín,Farías,29808389,1990-11-30
Alejo Benjamin,Rebollo,34124515,2002-04-19
Javier Alejandro,Varela,32618914,2002-02-15
Alexis Nicolas,Totora,39457153,1996-10-03
Ana Victoria,Fornerón,22116765,1990-01-11
Maria Clara,Ibáñez,23532929,1985-01-21
Jorge Luis,Carrizo,30270636,1992-06-29
Maximiliano Agustin,Rotman,34612541,1996-03-23
Ignacio Tomas,Contreras,27566120,1990-04-16
Ramiro Ezequiel,Pereyra,21432205,1984-08-24
Santiago Manuel,Gonzales,30685755,1985-04-20
Candela Aylen,Rivera,24724137,1986-08-22
Serena,González,25547160,1984-03-01
Selene,Galán,34357393,1985-05-13
Stefano,Totora,33482930,1990-05-22
Ismael,Lorenzo,29139451,1988-08-30
Priscila Magali,Rebollo,32066722,1998-03-18
Helena,Mora,21199541,1990-05-09
Ana Maria,Rojas,31789692,1994-04-18
Miranda,Quispe,24712809,2001-12-13
Tobias Nicolas,Ibáñez,32451748,1995-12-17
Jorge Daniel,Morales,34654764,1998-08-29
Benjamin Nicolas,Farías,33383858,1999-06-09
Bautista Benjamin,Salem,24115446,1997-06-25
Santiago Sebastian,Flores,29914416,2003-09-27
Valentina Nicole,Casares,24413045,1986-11-06
Ana Valentina,Morales,31526633,1996-06-12
Martin Gabriel,Gutiérrez,38154547,2003-05-08
Morena Valentina,Fernández,29305713,1998-01-13
Joaquin Leonel,Carrizo,32575570,1992-03-07
Lucía Magalí,Álvarez,28486700,1992-12-10
Matias Ignacio,Ibáñez,33142056,1992-10-10
Ignacio Sebastian,Nari,20983837,1988-08-08
Santiago Jesus,Rómulo,38983875,1992-01-10
Federico Ezequiel,Rodríguez,35839887,2003-11-10
Marcos Daniel,Rivera,31052821,1997-03-15
Mauricio,Martínez,31527288,1980-10-12
Gabriel Nicolas,Fernández,29003019,1993-06-16
Nicolas Martin,Marini,28440810,2004-01-22
Samuel,Basile,39926680,1998-09-29
Santiago Lionel,Espinoza,24467981,1989-04-27
Agustin Emanuel,Casares,28940390,1997-04-20
Tiago Nicolás,Reyes,33126878,1998-07-17
Camila Rocio,Pérez,33962719,1989-07-12
Diego Agustin,Godoy,30956393,1982-04-28
Marcos Nahuel,Gonzales,36905791,1991-05-07
Kiara Valentina,Sánchez,33722906,1986-08-06
Joaquin Sebastian,Arredondo,25841600,1991-07-05
Milagros Jazmin,Pinedo,27434244,1980-10-27
Diego Alejandro,Pérez,26454375,1987-06-01
Rodrigo Gabriel,Arellano,23718923,1991-10-18
Gonzalo Joaquin,Martínez,30823889,1982-03-18
Tiago Benjamin,Gutiérrez,33615060,2002-11-21
Facundo Benjamin,Rojas,37332318,1996-05-26
Antonella Belén,Marín,38137926,1983-12-21
Emilio,Rotman,33860862,1982-04-14
Ignacio Nahuel,Giordano,24580198,2000-08-31
Alan Leonel,Salvador,26809263,1990-08-30
Julieta Abigail,Díaz,27418758,1998-02-12
Maria Isabel,D'Elia,31091321,1983-09-22
Ana Gabriela,Pereyra,34221774,2003-10-16
Sofia Ayelen,Villalba,38584410,1998-03-17
Gianella,Rivas,31591468,2003-09-07
Juan Segundo,Moreno,29619144,1988-04-24
Ailen,Godoy,37170923,1984-04-07
Jonathan,Rodríguez,38121993,1984-11-30
Alex,Sánchez,27301445,1991-07-24
Sol Agustina,León,37001405,1992-08-21
Tiago Agustin,Giménez,29133096,1997-02-03
Ariadna,Sojero,38042563,1991-07-14
Kiara Aylen,Salvador,27592153,1999-07-08
Javier,Flores,28481896,1987-02-19
Cristian Ezequiel,Salvador,24078400,1984-07-22
Daniel Agustin,Scioti,32528762,1980-04-15
Juan Roman,Schapira,30815212,1984-06-22
Leonardo Gabriel,Sotomayor,31948304,1988-11-01
Gonzalo Emanuel,Soto,39406530,1989-10-04
Maximo Gabriel,Carranza,25845285,2001-09-23
Miguel Alejandro,De León,22720090,2002-04-05
Gastón Ezequiel,Farías,24680713,1981-01-18
Rodrigo Emanuel,Casas,38364422,1993-02-21
Lucas Valentin,Villalba,28596006,2004-07-11
Brenda Magali,Vargas,34276528,1983-09-25
Lucas Matias,Pérez,21767198,1992-01-15
Fernando Agustin,Silva,26455570,1994-03-31
Gonzalo David,Silva,21203174,1983-10-30
Lucas Ivan,Santos,35189519,1981-05-12
Joaquín Emanuel,De León,32169058,1980-04-22
Francisco Gabriel,Vasile,28597454,2003-05-23
Tiago Nahuel,Goicochea,34075627,2001-08-05
Ezequiel Agustin,Nari,35397185,1985-08-03
Cristian Daniel,Sorbera,39383572,1997-10-01
Valentina Nahir,Galán,37799783,1989-12-09
Rocio Ailen,Mejía,33012638,1981-12-22
Valentina Sofia,Huergo,39614532,1988-08-23
Tomas Leonel,Nave,37339921,1990-08-15
Agustina Ailen,Fernández,38962611,2004-02-12
Lucia Valentina,Nessi,22975265,1981-06-12
Victoria Belen,Hoffmann,27580201,1999-06-21
Iara Belen,Fernández,28856185,1985-02-02
Kiara Belen,Demichelis,34123168,2003-12-19
Antonio,Portillo,34918630,1984-02-13
Lautaro Joel,León,27378717,2003-07-24
Jonathan David,Basile,39531410,1987-11-21
Luciano Nahuel,Leiva,20974970,2001-08-22
Renzo,Nessi,23856795,1991-06-10
Camila Antonella,García,31966032,1990-12-20
Leonardo Ezequiel,Pedone,29244174,1980-12-23
Cristian Ariel,Salvador,22390072,1998-10-11
Brisa Abril,Marini,22461623,1988-10-12
Lourdes Milagros,González,22957895,2003-11-28
Jimena,Gonzales,26007319,1984-04-09
Lautaro Ismael,González,38506903,1998-08-11
Micaela Abigail,Quispe,32440716,1999-07-01
Alexis Daniel,Sojero,24048428,2003-09-17
Luna Morena,Ibáñez,21706014,1989-05-07
Mauro Ezequiel,Benítez,20448346,2002-01-13
Lourdes Abigail,Borges,37666829,1995-05-10
Agustin Ariel,Gómez,32700274,1995-05-18
Joaquin Tomas,Pineda,37767716,1988-03-02
Franco Ariel,D'Elia,22235779,1992-12-17
Ariana Abigail,Huarte,28294741,1981-04-26
Pablo Gabriel,Pavón,39278689,1996-12-21
Lautaro Ivan,León,30024077,1991-03-25
Thiago Alejandro,Sánchez,20364476,1999-08-24
Facundo Javier,Marchi,30985427,1996-12-27
Santiago Matias,Zurich,37711071,1983-04-02
Axel Joel,Fava,39545911,1996-01-02
Franco Valentin,Giordano,29979779,1986-04-04
Jose Gabriel,Rotman,36107475,1990-04-05
Valentin Ezequiel,Zambrano,26400694,1989-02-16
Facundo Alejandro,Nave,27957389,1987-03-09
Luciana Abigail,Salamone,32767467,1996-03-22
Mariano Agustin,Ibáñez,30420427,2003-08-07
Brisa Ailen,Salamone,21773373,2000-03-10
Milagros Lucia,Sánchez,39265951,1986-08-25
Ivan Alejandro,Pereira,21958045,1990-04-03
Nicolas Ariel,Surace,38983797,1991-10-16
Lucas Ignacio,Amenedo,33543392,2003-03-19
Alejo Agustin,Contreras,28589113,1993-05-28
Sol Valentina,Agüero,30933538,1987-10-01
Priscila Abril,Schapira,32939485,1999-02-24
Luka,Basile,21230100,1998-10-23
Mauro,Hernández,31493551,1995-01-12
Facundo David,Zurich,34584481,2001-07-24
Agustin Sebastian,Mariani,39637413,1991-05-05
Jonathan Gabriel,Pedone,20988266,2001-12-23
Kevin Leonel,Sotomayor,34675240,1999-10-15
Camila Valentina,León,38224350,1992-08-26
Agustin Nahuel,Saldaña,21984413,1991-08-28
Tobias Valentín,De León,39702730,1984-09-15
Brisa Antonella,Agüero,29854442,1999-06-18
Gregorio,Marín,34987249,1999-10-10
Donato,Mejía,33538795,1986-01-25
Axel Ariel,Lorenzo,29745729,1991-01-07
Martina Guadalupe,Hidalgo,28367225,2000-08-03
Melany,Duarte,21867100,2000-12-08
Maria Alejandra,Morales,23136860,1981-11-08
Pablo Sebastián,Rómulo,39306700,1991-08-25
Gabriela,Farina,22150743,1997-04-02
Agustin Tomas,Ibáñez,28400400,2000-01-21
Abril Micaela,Amenedo,32911030,1982-01-27
Valentin Nicolas,Scanone,24222083,1997-11-04
Camila Victoria,Ibáñez,38015628,1998-01-27
Diego Ezequiel,Sala,34630237,1994-12-02
Enzo Nicolás,Muñoz,36021496,1998-01-18
Elias Benjamin,López,37596426,1998-02-12
Maximo Nicolas,Zambrano,30561624,1985-04-21
Camila Guadalupe,Sosa,25547506,1992-12-12
Berenice,Sosa,38081817,1995-01-30
Luciano Martin,Hernández,34570781,1982-11-09
Valentina Pilar,Salvador,30832747,1987-05-22
Brisa Agustina,De Luca,32181582,1999-01-01
Franco Martin,Pereyra,27332730,1985-09-12
Kevin Uriel,Schapira,39329522,2003-04-01
Lucas Tomás,Marín,20432635,1999-11-26
Dylan Nahuel,Pinedo,30680004,1999-04-23
Marcos David,González,34124032,1999-03-30
Brisa Belen,Quispe,39780314,1991-08-24
Federico Gabriel,Abadía,38863734,1988-03-22
Mirko,Pereyra,23643819,1988-03-17
Tiago Ezequiel,Muñoz,30839276,1983-09-29
Natalia,Muñoz,22327527,1985-02-21
Matías Javier,Nave,35307823,2000-10-26
Ariel Alejandro,León,25409827,1989-11-09
Solana,Contreras,20950217,1980-04-26
Milagros Celeste,Sojero,32234485,2004-06-10
Luz,Sosa,35811797,2004-06-29
Mia Abril,Rosso,38463208,1994-12-30
Facundo Manuel,Vasile,35133185,2002-11-02
Guido,Hoffmann,36372791,2000-07-03
Adrian,Goicochea,24426333,1985-08-18
Luciano Andres,Gonzales,27669607,1994-03-06
Milagros De Los Angeles,Sojero,32101786,1987-01-05
Candela Lucia,Surace,33590653,1981-12-12
Nahuel Nicolas,Hernández,30349460,1990-02-16
Kevin Gabriel,Andrade,35814347,1984-02-07
Gonzalo Benjamín,Espinoza,21593615,1997-05-12
Cristian David,Santana,30393492,1982-05-30
Agustin Ignacio,Pinedo,28937944,1984-12-18
Lucas Damian,Díaz,27512408,1988-04-03
Carlos Alberto,Pinedo,24611762,1984-01-12
Juan Daniel,Villalba,35982188,1998-01-10
Elena,Farina,26868640,2000-01-13
Kiara Agustina,Contreras,36598897,1994-11-29
Matilda,Gonzales,38771734,1985-09-23
Abril Antonella,Sotomayor,26655286,2000-03-26
Lionel Agustin,Marini,32495366,1980-05-20
Segundo,Lorenzo,37727101,1986-12-14
Angela,Fava,30023297,1996-12-20
Rocio Abril,Rotman,25524173,1995-03-14
Daiana,Ramírez,36161839,1994-03-16
Axel Maximiliano,López,29155560,1998-12-04
Alan David,Reyes,32168534,2000-01-09
Florencia Micaela,Rivas,34964470,1987-09-02
Diego Nicolas,Salvador,36943600,1997-10-10
Mauricio Nicolas,Nave,28403369,1983-07-14
Priscila Milagros,Nessi,30636121,1990-03-31
Maria Catalina,Quispe,36768741,1996-05-06
Axel Javier,Agüero,28294475,2002-04-21
Victoria Valentina,Duarte,31838167,1989-03-16
Martiniano,Maradona,33148161,2002-01-28
Juan Diego,López,38407755,2002-01-08
Diego Armando,Rebollo,28915843,1992-10-28
Agustin Maximiliano,Borges,22283512,1996-05-01
Maria Trinidad,Farías,27368494,2000-12-13
Margarita,Lorca,36910005,1985-11-06
Evelyn,Marchi,37800206,2001-05-24
Diego Martin,Sojero,28512694,1991-05-19
Alexis Sebastian,Goicochea,26276899,1992-12-03
Priscila Jazmin,Abadía,23286055,1980-03-06
Julieta Agustina,Nessi,28553826,1984-03-02
Brenda Abigail,Ramírez,26172003,1996-10-20
German,Salazar,28015548,2000-12-05
Axel Rodrigo,Gómez,29600255,1996-09-19
Kevin Joel,Scioti,27250897,1991-01-23
Micaela Soledad,Santana,32756084,1984-03-18
Jose Fernando,Salamone,34040127,1987-06-01
Francisco Ezequiel,Demichelis,28175211,1995-03-19
Franco Javier,Villalba,37732763,1990-05-07
Federico Nahuel,Mancuso,30206889,1997-07-27
Kevin Alejandro,Sorbera,35863340,1997-09-20
Nicolas Daniel,Raimundo,33309127,1994-12-10
Priscila Ailen,Gómez,32978356,1990-04-28
Maria Elena,Surace,32213859,2001-05-15
Cristian Alejandro,Soto,24345662,1992-06-19
Celeste Milagros,Mora,35553481,1989-11-21
Priscila Nicole,León,23749838,1996-01-29
Maximo Joaquin,Zambrano,32255491,2001-08-04
Micaela Aylen,Valenzuela,36868027,1989-12-07
Ezequiel Nicolas,Mariani,22602973,1995-04-13
Rocio Jazmin,Flores,35520053,2000-05-08
Candela Guadalupe,Sojero,38330082,1985-06-22
Franco Lautaro,Salem,35930375,1994-06-07
Maria Mercedes,León,23618752,1984-05-16
Axel Sebastian,Sotomayor,35810256,2001-05-30
Kevin Ariel,Benítez,23716896,1991-05-31
Candela Ailen,Morales,26491259,1990-09-06
Brandon Ezequiel,Marchi,28127927,1989-03-26
Juan Ramon,Vargas,23556605,1981-05-13
Angeles,Portillo,29520144,1988-09-01
Axel Benjamin,Maradona,33682224,2001-09-06
Faustina,Raimundo,28123008,2000-02-24
Axel Emanuel,Mora,37724750,1999-08-12
Alina,Rotman,34759460,1993-03-20
Paula Valentina,Fazzi,38586446,2003-06-13
Thiago Daniel,Farina,32210718,1989-08-18
Sabrina,Nave,22928620,1992-05-03
Nicolas Nahuel,Castillo,33271064,1989-01-12
Pablo Daniel,Sánchez,31537527,1996-08-24
